Username,Day,Month
ukesimon,14,1
Satanyyy,14,1
AfrooAdam,22,1
DaveDoublee,7,1
IngridTheRockstar,24,1
Jazzz11197,11,1
surely_not_a_bot,12,2
Bodi2050,11,2
joemp1997,28,2
Calin_Irimia,31,3
barbitcheps,31,3
AlanTexas,24,3
timea_rozalia,13,4
Eudaemonia010,22,4
anagugui,26,4
Dan_Stoica,12,4
Josephinairene,18,5
Marusnazzarov,30,5
ixananas,16,5
bestsellerguy,5,5
AlinaT5,11,6
Bogdan_VM,2,6
Daniel_Traveller,23,6
batbc,8,6
ioanaxpopescu,30,6
rezap_ukr,14,6
AntoineCastel,28,7
KiraDiana,10,7
Traktirschik,26,7
hiltabi,21,8
Issamjam,12,8
anag007,7,8
maana246,2,8
Moniii_G,13,8
zen_r_0,22,9
j_onthetele,6,9
Edik223,5,9
Sil44,18,10
alexivanciu85,12,10
davidkelly_ire,9,10
sabina_lunacy,4,10
cezarabusca,20,10
SucDePiersici,3,10
yomama28_ale,28,11
thegirlinthecorner,23,11
bianceeeeee,24,11
Gorgona_Meduza86,18,11
Wiwu000,7,12
david_mccolgan,31,12
iceteaai,29,12
flappypufi,12,12
theeamiculescu,28,12
OdryB,8,12
CatalinaDia,4,12
arielpontes,21,12
f_cosneanu,27,12
matriciaparia,19,6
